,repetition,scores,exec_time
0,0,4.178165158094518,0.37
1,0,4.178165158094518,0.37
2,0,4.178165158094518,0.37
3,0,3.594387413049862,0.37
4,0,0.3677586435321326,0.37
5,0,0.3677586435321326,0.37
6,0,0.3677586435321326,0.37
7,0,0.3677586435321326,0.37
8,0,0.3677586435321326,0.37
9,0,0.3677586435321326,0.37
10,0,0.3677586435321326,0.37
11,0,0.3677586435321326,0.37
12,0,0.3677586435321326,0.37
13,0,0.3677586435321326,0.37
14,0,0.3677586435321326,0.37
15,0,0.29487433571434973,0.37
16,0,0.29487433571434973,0.37
17,0,0.29487433571434973,0.37
18,0,0.29487433571434973,0.37
19,0,0.29487433571434973,0.37
20,0,0.29487433571434973,0.37
21,0,0.29487433571434973,0.37
22,0,0.29487433571434973,0.37
23,0,0.29487433571434973,0.37
24,0,0.29487433571434973,0.37
25,0,0.29487433571434973,0.37
26,0,0.29487433571434973,0.37
27,0,0.29487433571434973,0.37
28,0,0.29487433571434973,0.37
29,0,0.29487433571434973,0.37
30,0,0.29487433571434973,0.37
31,0,0.29487433571434973,0.37
32,0,0.29487433571434973,0.37
33,0,0.29487433571434973,0.37
34,0,0.29487433571434973,0.37
35,0,0.29487433571434973,0.37
36,0,0.29487433571434973,0.37
37,0,0.29487433571434973,0.37
38,0,0.29487433571434973,0.37
39,0,0.29487433571434973,0.37
40,0,0.29487433571434973,0.37
41,0,0.29487433571434973,0.37
42,0,0.29487433571434973,0.37
43,0,0.29487433571434973,0.37
44,0,0.29487433571434973,0.37
45,0,0.29487433571434973,0.37
46,0,0.29487433571434973,0.37
47,0,0.29487433571434973,0.37
48,0,0.29487433571434973,0.37
49,0,0.29487433571434973,0.37
50,0,0.29487433571434973,0.37
51,0,0.29487433571434973,0.37
52,0,0.29487433571434973,0.37
53,0,0.29487433571434973,0.37
54,0,0.29487433571434973,0.37
55,0,0.29487433571434973,0.37
56,0,0.29487433571434973,0.37
57,0,0.29487433571434973,0.37
58,0,0.29487433571434973,0.37
59,0,0.29487433571434973,0.37
60,0,0.29487433571434973,0.37
61,0,0.29487433571434973,0.37
62,0,0.29487433571434973,0.37
63,0,0.29487433571434973,0.37
64,0,0.29487433571434973,0.37
65,0,0.29487433571434973,0.37
66,0,0.29487433571434973,0.37
67,0,0.29487433571434973,0.37
68,0,0.29487433571434973,0.37
69,0,0.29487433571434973,0.37
70,0,0.29487433571434973,0.37
71,0,0.29487433571434973,0.37
72,0,0.29487433571434973,0.37
73,0,0.29487433571434973,0.37
74,0,0.29487433571434973,0.37
75,0,0.29487433571434973,0.37
76,0,0.29487433571434973,0.37
77,0,0.29487433571434973,0.37
78,0,0.29487433571434973,0.37
79,0,0.29487433571434973,0.37
80,0,0.29487433571434973,0.37
81,0,0.29487433571434973,0.37
82,0,0.29487433571434973,0.37
83,0,0.16591786991629062,0.37
84,0,0.16591786991629062,0.37
85,0,0.16591786991629062,0.37
86,0,0.16591786991629062,0.37
87,0,0.16591786991629062,0.37
88,0,0.16591786991629062,0.37
89,0,0.16591786991629062,0.37
90,0,0.16591786991629062,0.37
91,0,0.16591786991629062,0.37
92,0,0.16591786991629062,0.37
93,0,0.16591786991629062,0.37
94,0,0.16591786991629062,0.37
95,0,0.16591786991629062,0.37
96,0,0.16591786991629062,0.37
97,0,0.16591786991629062,0.37
98,0,0.16591786991629062,0.37
99,0,0.16591786991629062,0.37
100,0,0.16591786991629062,0.37
101,0,0.16591786991629062,0.37
102,0,0.16591786991629062,0.37
103,0,0.16591786991629062,0.37
104,0,0.16591786991629062,0.37
105,0,0.16591786991629062,0.37
106,0,0.16591786991629062,0.37
107,0,0.16591786991629062,0.37
108,0,0.16591786991629062,0.37
109,0,0.16591786991629062,0.37
110,0,0.16591786991629062,0.37
111,0,0.16591786991629062,0.37
112,0,0.16591786991629062,0.37
113,0,0.16591786991629062,0.37
114,0,0.16591786991629062,0.37
115,0,0.16591786991629062,0.37
116,0,0.16591786991629062,0.37
117,0,0.16591786991629062,0.37
118,0,0.16591786991629062,0.37
119,0,0.16591786991629062,0.37
120,0,0.16591786991629062,0.37
121,0,0.16591786991629062,0.37
122,0,0.16591786991629062,0.37
123,0,0.16591786991629062,0.37
124,0,0.16591786991629062,0.37
125,0,0.16591786991629062,0.37
126,0,0.16591786991629062,0.37
127,0,0.16591786991629062,0.37
128,0,0.16591786991629062,0.37
129,0,0.16591786991629062,0.37
130,0,0.16591786991629062,0.37
131,0,0.16591786991629062,0.37
132,0,0.051808875638505156,0.37
133,0,0.051808875638505156,0.37
134,0,0.051808875638505156,0.37
135,0,0.051808875638505156,0.37
136,0,0.051808875638505156,0.37
137,0,0.051808875638505156,0.37
138,0,0.051808875638505156,0.37
139,0,0.051808875638505156,0.37
140,0,0.051808875638505156,0.37
141,0,0.03729888368030262,0.37
142,0,0.03729888368030262,0.37
143,0,0.03729888368030262,0.37
144,0,0.03729888368030262,0.37
145,0,0.03729888368030262,0.37
146,0,0.03729888368030262,0.37
147,0,0.03729888368030262,0.37
148,0,0.03729888368030262,0.37
149,0,0.03729888368030262,0.37
150,0,0.03729888368030262,0.37
151,0,0.03729888368030262,0.37
152,0,0.03729888368030262,0.37
153,0,0.03729888368030262,0.37
154,0,0.03729888368030262,0.37
155,0,0.03729888368030262,0.37
156,0,0.03729888368030262,0.37
157,0,0.03729888368030262,0.37
158,0,0.03729888368030262,0.37
159,0,0.03729888368030262,0.37
160,0,0.03729888368030262,0.37
161,0,0.03729888368030262,0.37
162,0,0.03729888368030262,0.37
163,0,0.03729888368030262,0.37
164,0,0.03729888368030262,0.37
165,0,0.03729888368030262,0.37
166,0,0.03729888368030262,0.37
167,0,0.03729888368030262,0.37
168,0,0.03729888368030262,0.37
169,0,0.031804030297212765,0.37
170,0,0.031804030297212765,0.37
171,0,0.031804030297212765,0.37
172,0,0.031804030297212765,0.37
173,0,0.031804030297212765,0.37
174,0,0.031804030297212765,0.37
175,0,0.031804030297212765,0.37
176,0,0.031804030297212765,0.37
177,0,0.031804030297212765,0.37
178,0,0.011416172116867424,0.37
179,0,0.011416172116867424,0.37
180,0,0.011416172116867424,0.37
181,0,0.011416172116867424,0.37
182,0,0.011416172116867424,0.37
183,0,0.011416172116867424,0.37
184,0,0.011416172116867424,0.37
185,0,0.011416172116867424,0.37
186,0,0.011416172116867424,0.37
187,0,0.011416172116867424,0.37
188,0,0.011416172116867424,0.37
189,0,0.011416172116867424,0.37
190,0,0.011416172116867424,0.37
191,0,0.011416172116867424,0.37
192,0,0.011416172116867424,0.37
193,0,0.011416172116867424,0.37
194,0,0.011416172116867424,0.37
195,0,0.011416172116867424,0.37
196,0,0.011416172116867424,0.37
197,0,0.011416172116867424,0.37
198,0,0.011416172116867424,0.37
199,0,0.011416172116867424,0.37
200,1,4.178165158094518,0.37
201,1,4.178165158094518,0.37
202,1,3.3946622876548984,0.37
203,1,3.3946622876548984,0.37
204,1,3.3946622876548984,0.37
205,1,3.3946622876548984,0.37
206,1,0.333952796929416,0.37
207,1,0.333952796929416,0.37
208,1,0.333952796929416,0.37
209,1,0.333952796929416,0.37
210,1,0.023129260036218353,0.37
211,1,0.023129260036218353,0.37
212,1,0.023129260036218353,0.37
213,1,0.023129260036218353,0.37
214,1,0.023129260036218353,0.37
215,1,0.023129260036218353,0.37
216,1,0.023129260036218353,0.37
217,1,0.023129260036218353,0.37
218,1,0.023129260036218353,0.37
219,1,0.023129260036218353,0.37
220,1,0.023129260036218353,0.37
221,1,0.011866672616955955,0.37
222,1,0.011866672616955955,0.37
223,1,0.011866672616955955,0.37
224,1,0.011866672616955955,0.37
225,1,0.011866672616955955,0.37
226,1,0.011866672616955955,0.37
227,1,0.011866672616955955,0.37
228,1,0.011866672616955955,0.37
229,1,0.011866672616955955,0.37
230,1,0.011866672616955955,0.37
231,1,0.011866672616955955,0.37
232,1,0.011866672616955955,0.37
233,1,0.011866672616955955,0.37
234,1,0.011866672616955955,0.37
235,1,0.011866672616955955,0.37
236,1,0.011866672616955955,0.37
237,1,0.011866672616955955,0.37
238,1,0.011866672616955955,0.37
239,1,0.0046717237356524235,0.37
240,1,0.0046717237356524235,0.37
241,1,0.0046717237356524235,0.37
242,1,0.0046717237356524235,0.37
243,1,0.0046717237356524235,0.37
244,1,0.0046717237356524235,0.37
245,1,0.0046717237356524235,0.37
246,1,0.0046717237356524235,0.37
247,1,0.0046717237356524235,0.37
248,1,0.0046717237356524235,0.37
249,1,0.0046717237356524235,0.37
250,1,0.0046717237356524235,0.37
251,1,0.0046717237356524235,0.37
252,1,0.0046717237356524235,0.37
253,1,0.0046717237356524235,0.37
254,1,0.0046717237356524235,0.37
255,1,0.0046717237356524235,0.37
256,1,0.0046717237356524235,0.37
257,1,0.0046717237356524235,0.37
258,1,0.0046717237356524235,0.37
259,1,0.0046717237356524235,0.37
260,1,0.0046717237356524235,0.37
261,1,0.0046717237356524235,0.37
262,1,0.0046717237356524235,0.37
263,1,0.0046717237356524235,0.37
264,1,0.0046717237356524235,0.37
265,1,0.0046717237356524235,0.37
266,1,0.0046717237356524235,0.37
267,1,0.0046717237356524235,0.37
268,1,0.0046717237356524235,0.37
269,1,0.0046717237356524235,0.37
270,1,0.0046717237356524235,0.37
271,1,0.0046717237356524235,0.37
272,1,0.0046717237356524235,0.37
273,1,0.0046717237356524235,0.37
274,1,0.0046717237356524235,0.37
275,1,0.0046717237356524235,0.37
276,1,0.0046717237356524235,0.37
277,1,0.0046717237356524235,0.37
278,1,0.0046717237356524235,0.37
279,1,0.0046717237356524235,0.37
280,1,0.0046717237356524235,0.37
281,1,0.0046717237356524235,0.37
282,1,0.0046717237356524235,0.37
283,1,0.0046717237356524235,0.37
284,1,0.0046717237356524235,0.37
285,1,0.0046717237356524235,0.37
286,1,0.0046717237356524235,0.37
287,1,0.0046717237356524235,0.37
288,1,0.0002513101087032477,0.37
289,1,0.0002513101087032477,0.37
290,1,0.0002513101087032477,0.37
291,1,0.0002513101087032477,0.37
292,1,0.0002513101087032477,0.37
293,1,0.0002513101087032477,0.37
294,1,0.0002513101087032477,0.37
295,1,0.0002513101087032477,0.37
296,1,0.0002513101087032477,0.37
297,1,0.0002513101087032477,0.37
298,1,0.0002513101087032477,0.37
299,1,0.0002513101087032477,0.37
300,1,0.0002513101087032477,0.37
301,1,0.0002513101087032477,0.37
302,1,0.0002513101087032477,0.37
303,1,0.0002513101087032477,0.37
304,1,0.0002513101087032477,0.37
305,1,0.0002513101087032477,0.37
306,1,0.0002513101087032477,0.37
307,1,0.0002513101087032477,0.37
308,1,0.0002513101087032477,0.37
309,1,0.0002513101087032477,0.37
310,1,0.0002513101087032477,0.37
311,1,0.0002513101087032477,0.37
312,1,0.0002513101087032477,0.37
313,1,0.0002513101087032477,0.37
314,1,0.0002513101087032477,0.37
315,1,0.0002513101087032477,0.37
316,1,0.0002513101087032477,0.37
317,1,0.0002513101087032477,0.37
318,1,0.0002513101087032477,0.37
319,1,0.0002513101087032477,0.37
320,1,0.0002513101087032477,0.37
321,1,0.0002513101087032477,0.37
322,1,0.0002513101087032477,0.37
323,1,0.0002513101087032477,0.37
324,1,0.0002513101087032477,0.37
325,1,0.0002513101087032477,0.37
326,1,0.0002513101087032477,0.37
327,1,0.0002513101087032477,0.37
328,1,0.0002513101087032477,0.37
329,1,0.0002513101087032477,0.37
330,1,0.0002513101087032477,0.37
331,1,0.0002513101087032477,0.37
332,1,0.0002513101087032477,0.37
333,1,0.0002513101087032477,0.37
334,1,0.0002513101087032477,0.37
335,1,0.0002513101087032477,0.37
336,1,0.0002513101087032477,0.37
337,1,0.0002513101087032477,0.37
338,1,0.0002513101087032477,0.37
339,1,0.0002513101087032477,0.37
340,1,0.0002513101087032477,0.37
341,1,0.0002513101087032477,0.37
342,1,0.0002513101087032477,0.37
343,1,0.0002513101087032477,0.37
344,1,0.0002513101087032477,0.37
345,1,0.0002513101087032477,0.37
346,1,0.0002513101087032477,0.37
347,1,0.0002513101087032477,0.37
348,1,0.0002513101087032477,0.37
349,1,0.0002513101087032477,0.37
350,1,0.0002513101087032477,0.37
351,1,0.0002513101087032477,0.37
352,1,0.0002513101087032477,0.37
353,1,0.0002513101087032477,0.37
354,1,0.0002513101087032477,0.37
355,1,0.0002513101087032477,0.37
356,1,0.0002513101087032477,0.37
357,1,0.0002513101087032477,0.37
358,1,0.0002513101087032477,0.37
359,1,0.0002513101087032477,0.37
360,1,0.0002513101087032477,0.37
361,1,0.0002513101087032477,0.37
362,1,0.0002513101087032477,0.37
363,1,0.0002513101087032477,0.37
364,1,0.0002513101087032477,0.37
365,1,0.0002513101087032477,0.37
366,1,0.0002513101087032477,0.37
367,1,0.0002513101087032477,0.37
368,1,0.0002513101087032477,0.37
369,1,0.0002513101087032477,0.37
370,1,0.0002513101087032477,0.37
371,1,0.0002513101087032477,0.37
372,1,0.0002513101087032477,0.37
373,1,0.0002513101087032477,0.37
374,1,0.0002513101087032477,0.37
375,1,0.0002513101087032477,0.37
376,1,0.0002513101087032477,0.37
377,1,0.0002513101087032477,0.37
378,1,0.0002513101087032477,0.37
379,1,0.0002513101087032477,0.37
380,1,0.0002513101087032477,0.37
381,1,0.0002513101087032477,0.37
382,1,0.0002513101087032477,0.37
383,1,0.0002513101087032477,0.37
384,1,0.0002513101087032477,0.37
385,1,0.0002513101087032477,0.37
386,1,0.0002513101087032477,0.37
387,1,0.0002513101087032477,0.37
388,1,0.0002513101087032477,0.37
389,1,0.0002513101087032477,0.37
390,1,0.0002513101087032477,0.37
391,1,0.0002513101087032477,0.37
392,1,0.0002513101087032477,0.37
393,1,0.0002513101087032477,0.37
394,1,0.0002513101087032477,0.37
395,1,0.0002513101087032477,0.37
396,1,0.0002513101087032477,0.37
397,1,0.0002513101087032477,0.37
398,1,0.0002513101087032477,0.37
399,1,0.0002513101087032477,0.37
400,2,4.178165158094518,0.37
401,2,4.178165158094518,0.37
402,2,4.178165158094518,0.37
403,2,4.178165158094518,0.37
404,2,4.178165158094518,0.37
405,2,4.178165158094518,0.37
406,2,4.178165158094518,0.37
407,2,4.178165158094518,0.37
408,2,4.178165158094518,0.37
409,2,4.178165158094518,0.37
410,2,2.5463643843554538,0.37
411,2,2.4398913772435433,0.37
412,2,1.7093536768230204,0.37
413,2,0.8653610608311736,0.37
414,2,0.8653610608311736,0.37
415,2,0.8105892854361437,0.37
416,2,0.8105892854361437,0.37
417,2,0.8105892854361437,0.37
418,2,0.8105892854361437,0.37
419,2,0.8105892854361437,0.37
420,2,0.8105892854361437,0.37
421,2,0.8105892854361437,0.37
422,2,0.8105892854361437,0.37
423,2,0.8105892854361437,0.37
424,2,0.8105892854361437,0.37
425,2,0.8105892854361437,0.37
426,2,0.8105892854361437,0.37
427,2,0.8105892854361437,0.37
428,2,0.8105892854361437,0.37
429,2,0.8105892854361437,0.37
430,2,0.22801376215231867,0.37
431,2,0.22801376215231867,0.37
432,2,0.22801376215231867,0.37
433,2,0.22801376215231867,0.37
434,2,0.22801376215231867,0.37
435,2,0.2133216772420376,0.37
436,2,0.2133216772420376,0.37
437,2,0.2133216772420376,0.37
438,2,0.2133216772420376,0.37
439,2,0.2133216772420376,0.37
440,2,0.2133216772420376,0.37
441,2,0.2133216772420376,0.37
442,2,0.0669874910903991,0.37
443,2,0.0669874910903991,0.37
444,2,0.0669874910903991,0.37
445,2,0.0669874910903991,0.37
446,2,0.0669874910903991,0.37
447,2,0.0669874910903991,0.37
448,2,0.0669874910903991,0.37
449,2,0.0669874910903991,0.37
450,2,0.0669874910903991,0.37
451,2,0.0669874910903991,0.37
452,2,0.0669874910903991,0.37
453,2,0.0669874910903991,0.37
454,2,0.0669874910903991,0.37
455,2,0.0669874910903991,0.37
456,2,0.0669874910903991,0.37
457,2,0.0669874910903991,0.37
458,2,0.0669874910903991,0.37
459,2,0.0669874910903991,0.37
460,2,0.0669874910903991,0.37
461,2,0.0669874910903991,0.37
462,2,0.0669874910903991,0.37
463,2,0.0669874910903991,0.37
464,2,0.0669874910903991,0.37
465,2,0.0669874910903991,0.37
466,2,0.0669874910903991,0.37
467,2,0.0669874910903991,0.37
468,2,0.0669874910903991,0.37
469,2,0.0669874910903991,0.37
470,2,0.0669874910903991,0.37
471,2,0.0669874910903991,0.37
472,2,0.0669874910903991,0.37
473,2,0.0669874910903991,0.37
474,2,0.0669874910903991,0.37
475,2,0.0669874910903991,0.37
476,2,0.0669874910903991,0.37
477,2,0.0669874910903991,0.37
478,2,0.0669874910903991,0.37
479,2,0.0669874910903991,0.37
480,2,0.0669874910903991,0.37
481,2,0.0669874910903991,0.37
482,2,0.0669874910903991,0.37
483,2,0.0669874910903991,0.37
484,2,0.0669874910903991,0.37
485,2,0.0669874910903991,0.37
486,2,0.0669874910903991,0.37
487,2,0.008324355070572576,0.37
488,2,0.008324355070572576,0.37
489,2,0.008324355070572576,0.37
490,2,0.008324355070572576,0.37
491,2,0.008324355070572576,0.37
492,2,0.008324355070572576,0.37
493,2,0.008324355070572576,0.37
494,2,0.008324355070572576,0.37
495,2,0.008324355070572576,0.37
496,2,0.008324355070572576,0.37
497,2,0.008324355070572576,0.37
498,2,0.008324355070572576,0.37
499,2,0.008324355070572576,0.37
500,2,0.008324355070572576,0.37
501,2,0.008324355070572576,0.37
502,2,0.008324355070572576,0.37
503,2,0.008324355070572576,0.37
504,2,0.008324355070572576,0.37
505,2,0.008324355070572576,0.37
506,2,0.008324355070572576,0.37
507,2,0.008324355070572576,0.37
508,2,0.008324355070572576,0.37
509,2,0.008324355070572576,0.37
510,2,0.008324355070572576,0.37
511,2,0.006894036336936643,0.37
512,2,0.006894036336936643,0.37
513,2,0.006894036336936643,0.37
514,2,0.006894036336936643,0.37
515,2,0.006894036336936643,0.37
516,2,0.006894036336936643,0.37
517,2,0.006894036336936643,0.37
518,2,0.006894036336936643,0.37
519,2,0.006894036336936643,0.37
520,2,0.006894036336936643,0.37
521,2,0.006894036336936643,0.37
522,2,0.006894036336936643,0.37
523,2,0.006894036336936643,0.37
524,2,0.006894036336936643,0.37
525,2,0.006894036336936643,0.37
526,2,0.006894036336936643,0.37
527,2,0.006894036336936643,0.37
528,2,0.006894036336936643,0.37
529,2,0.006894036336936643,0.37
530,2,0.006894036336936643,0.37
531,2,0.006894036336936643,0.37
532,2,0.006894036336936643,0.37
533,2,0.006894036336936643,0.37
534,2,0.006894036336936643,0.37
535,2,0.006894036336936643,0.37
536,2,0.006894036336936643,0.37
537,2,0.006894036336936643,0.37
538,2,0.006894036336936643,0.37
539,2,0.006894036336936643,0.37
540,2,0.006894036336936643,0.37
541,2,0.006894036336936643,0.37
542,2,0.006894036336936643,0.37
543,2,0.003983778094221886,0.37
544,2,0.003983778094221886,0.37
545,2,0.003983778094221886,0.37
546,2,0.003983778094221886,0.37
547,2,0.003983778094221886,0.37
548,2,0.003983778094221886,0.37
549,2,0.003983778094221886,0.37
550,2,0.003983778094221886,0.37
551,2,0.003983778094221886,0.37
552,2,0.003983778094221886,0.37
553,2,0.003983778094221886,0.37
554,2,0.003983778094221886,0.37
555,2,0.003983778094221886,0.37
556,2,0.003983778094221886,0.37
557,2,0.003983778094221886,0.37
558,2,0.003983778094221886,0.37
559,2,0.003983778094221886,0.37
560,2,0.003983778094221886,0.37
561,2,0.003983778094221886,0.37
562,2,0.003983778094221886,0.37
563,2,0.003983778094221886,0.37
564,2,0.003983778094221886,0.37
565,2,0.003983778094221886,0.37
566,2,0.003983778094221886,0.37
567,2,0.003983778094221886,0.37
568,2,0.003983778094221886,0.37
569,2,0.003983778094221886,0.37
570,2,0.003983778094221886,0.37
571,2,0.003983778094221886,0.37
572,2,0.003983778094221886,0.37
573,2,0.003983778094221886,0.37
574,2,0.003983778094221886,0.37
575,2,0.003983778094221886,0.37
576,2,0.003983778094221886,0.37
577,2,0.003983778094221886,0.37
578,2,0.003983778094221886,0.37
579,2,0.003983778094221886,0.37
580,2,0.003983778094221886,0.37
581,2,0.003983778094221886,0.37
582,2,0.003983778094221886,0.37
583,2,0.003983778094221886,0.37
584,2,0.003983778094221886,0.37
585,2,0.003983778094221886,0.37
586,2,0.003983778094221886,0.37
587,2,0.003983778094221886,0.37
588,2,0.003983778094221886,0.37
589,2,0.003983778094221886,0.37
590,2,0.003983778094221886,0.37
591,2,0.003983778094221886,0.37
592,2,0.003983778094221886,0.37
593,2,0.003983778094221886,0.37
594,2,0.003983778094221886,0.37
595,2,0.003983778094221886,0.37
596,2,0.003983778094221886,0.37
597,2,0.003983778094221886,0.37
598,2,0.003983778094221886,0.37
599,2,0.003983778094221886,0.37
600,3,4.178165158094518,0.36
601,3,4.178165158094518,0.36
602,3,4.178165158094518,0.36
603,3,0.6419448971534975,0.36
604,3,0.6419448971534975,0.36
605,3,0.6419448971534975,0.36
606,3,0.6419448971534975,0.36
607,3,0.6419448971534975,0.36
608,3,0.6419448971534975,0.36
609,3,0.4641075393201275,0.36
610,3,0.4641075393201275,0.36
611,3,0.4641075393201275,0.36
612,3,0.4641075393201275,0.36
613,3,0.4641075393201275,0.36
614,3,0.4641075393201275,0.36
615,3,0.41434563410474956,0.36
616,3,0.41434563410474956,0.36
617,3,0.41434563410474956,0.36
618,3,0.41434563410474956,0.36
619,3,0.41434563410474956,0.36
620,3,0.41434563410474956,0.36
621,3,0.41434563410474956,0.36
622,3,0.41434563410474956,0.36
623,3,0.41434563410474956,0.36
624,3,0.41434563410474956,0.36
625,3,0.41434563410474956,0.36
626,3,0.41434563410474956,0.36
627,3,0.41434563410474956,0.36
628,3,0.41434563410474956,0.36
629,3,0.4119091100142082,0.36
630,3,0.4119091100142082,0.36
631,3,0.4119091100142082,0.36
632,3,0.4119091100142082,0.36
633,3,0.4119091100142082,0.36
634,3,0.4119091100142082,0.36
635,3,0.4119091100142082,0.36
636,3,0.4119091100142082,0.36
637,3,0.4119091100142082,0.36
638,3,0.4119091100142082,0.36
639,3,0.4119091100142082,0.36
640,3,0.4119091100142082,0.36
641,3,0.4119091100142082,0.36
642,3,0.4119091100142082,0.36
643,3,0.4119091100142082,0.36
644,3,0.4119091100142082,0.36
645,3,0.4119091100142082,0.36
646,3,0.09745345482575261,0.36
647,3,0.09745345482575261,0.36
648,3,0.09745345482575261,0.36
649,3,0.09389087334174581,0.36
650,3,0.09389087334174581,0.36
651,3,0.09389087334174581,0.36
652,3,0.09389087334174581,0.36
653,3,0.09389087334174581,0.36
654,3,0.09389087334174581,0.36
655,3,0.09389087334174581,0.36
656,3,0.09389087334174581,0.36
657,3,0.09389087334174581,0.36
658,3,0.09389087334174581,0.36
659,3,0.09389087334174581,0.36
660,3,0.09389087334174581,0.36
661,3,0.09389087334174581,0.36
662,3,0.09389087334174581,0.36
663,3,0.09389087334174581,0.36
664,3,0.09389087334174581,0.36
665,3,0.09389087334174581,0.36
666,3,0.09389087334174581,0.36
667,3,0.09389087334174581,0.36
668,3,0.09389087334174581,0.36
669,3,0.09389087334174581,0.36
670,3,0.09389087334174581,0.36
671,3,0.09389087334174581,0.36
672,3,0.09389087334174581,0.36
673,3,0.09389087334174581,0.36
674,3,0.09389087334174581,0.36
675,3,0.09389087334174581,0.36
676,3,0.09389087334174581,0.36
677,3,0.09389087334174581,0.36
678,3,0.09389087334174581,0.36
679,3,0.09389087334174581,0.36
680,3,0.09389087334174581,0.36
681,3,0.09389087334174581,0.36
682,3,0.09389087334174581,0.36
683,3,0.09389087334174581,0.36
684,3,0.09389087334174581,0.36
685,3,0.09389087334174581,0.36
686,3,0.09389087334174581,0.36
687,3,0.09389087334174581,0.36
688,3,0.09389087334174581,0.36
689,3,0.09389087334174581,0.36
690,3,0.09389087334174581,0.36
691,3,0.09389087334174581,0.36
692,3,0.09389087334174581,0.36
693,3,0.09389087334174581,0.36
694,3,0.09389087334174581,0.36
695,3,0.09389087334174581,0.36
696,3,0.09389087334174581,0.36
697,3,0.09389087334174581,0.36
698,3,0.09389087334174581,0.36
699,3,0.09389087334174581,0.36
700,3,0.09389087334174581,0.36
701,3,0.09389087334174581,0.36
702,3,0.09389087334174581,0.36
703,3,0.09389087334174581,0.36
704,3,0.09389087334174581,0.36
705,3,0.09389087334174581,0.36
706,3,0.09389087334174581,0.36
707,3,0.09389087334174581,0.36
708,3,0.09389087334174581,0.36
709,3,0.09389087334174581,0.36
710,3,0.09389087334174581,0.36
711,3,0.09389087334174581,0.36
712,3,0.09389087334174581,0.36
713,3,0.09389087334174581,0.36
714,3,0.09389087334174581,0.36
715,3,0.09389087334174581,0.36
716,3,0.09389087334174581,0.36
717,3,0.09389087334174581,0.36
718,3,0.09389087334174581,0.36
719,3,0.09389087334174581,0.36
720,3,0.09389087334174581,0.36
721,3,0.09389087334174581,0.36
722,3,0.09389087334174581,0.36
723,3,0.09389087334174581,0.36
724,3,0.09389087334174581,0.36
725,3,0.09389087334174581,0.36
726,3,0.09389087334174581,0.36
727,3,0.09389087334174581,0.36
728,3,0.03763978259335983,0.36
729,3,0.03462351754197505,0.36
730,3,0.03462351754197505,0.36
731,3,0.0007121366208106321,0.36
732,3,0.0007121366208106321,0.36
733,3,0.0007121366208106321,0.36
734,3,0.0007121366208106321,0.36
735,3,0.0004426615924867442,0.36
736,3,0.0004426615924867442,0.36
737,3,0.0004426615924867442,0.36
738,3,0.0004426615924867442,0.36
739,3,0.0004426615924867442,0.36
740,3,0.0004426615924867442,0.36
741,3,0.0004426615924867442,0.36
742,3,0.0003974439845717255,0.36
743,3,0.0003974439845717255,0.36
744,3,0.0003974439845717255,0.36
745,3,0.0003974439845717255,0.36
746,3,0.0003974439845717255,0.36
747,3,0.0003974439845717255,0.36
748,3,0.0003974439845717255,0.36
749,3,0.0003974439845717255,0.36
750,3,0.0003974439845717255,0.36
751,3,0.0003974439845717255,0.36
752,3,0.0003974439845717255,0.36
753,3,0.0003974439845717255,0.36
754,3,0.0003974439845717255,0.36
755,3,0.0003974439845717255,0.36
756,3,0.0003974439845717255,0.36
757,3,0.0003974439845717255,0.36
758,3,0.0003974439845717255,0.36
759,3,2.1903354899683195e-06,0.36
760,3,2.1903354899683195e-06,0.36
761,3,2.1903354899683195e-06,0.36
762,3,2.1903354899683195e-06,0.36
763,3,2.1903354899683195e-06,0.36
764,3,2.1903354899683195e-06,0.36
765,3,2.1903354899683195e-06,0.36
766,3,2.1903354899683195e-06,0.36
767,3,2.1903354899683195e-06,0.36
768,3,2.1903354899683195e-06,0.36
769,3,2.1903354899683195e-06,0.36
770,3,2.1903354899683195e-06,0.36
771,3,2.1903354899683195e-06,0.36
772,3,2.1903354899683195e-06,0.36
773,3,2.1903354899683195e-06,0.36
774,3,2.1903354899683195e-06,0.36
775,3,2.1903354899683195e-06,0.36
776,3,2.1903354899683195e-06,0.36
777,3,2.1903354899683195e-06,0.36
778,3,2.1903354899683195e-06,0.36
779,3,2.1903354899683195e-06,0.36
780,3,2.1903354899683195e-06,0.36
781,3,2.1903354899683195e-06,0.36
782,3,2.1903354899683195e-06,0.36
783,3,2.1903354899683195e-06,0.36
784,3,2.1903354899683195e-06,0.36
785,3,2.1903354899683195e-06,0.36
786,3,2.1903354899683195e-06,0.36
787,3,2.1903354899683195e-06,0.36
788,3,2.1903354899683195e-06,0.36
789,3,2.1903354899683195e-06,0.36
790,3,2.1903354899683195e-06,0.36
791,3,2.1903354899683195e-06,0.36
792,3,2.1903354899683195e-06,0.36
793,3,2.1903354899683195e-06,0.36
794,3,2.1903354899683195e-06,0.36
795,3,2.1903354899683195e-06,0.36
796,3,2.1903354899683195e-06,0.36
797,3,2.1903354899683195e-06,0.36
798,3,2.1903354899683195e-06,0.36
799,3,2.1903354899683195e-06,0.36
800,4,0.5754530279524632,0.37
801,4,0.5754530279524632,0.37
802,4,0.5754530279524632,0.37
803,4,0.5754530279524632,0.37
804,4,0.5754530279524632,0.37
805,4,0.5321782350237825,0.37
806,4,0.5321782350237825,0.37
807,4,0.5321782350237825,0.37
808,4,0.5321782350237825,0.37
809,4,0.5321782350237825,0.37
810,4,0.5321782350237825,0.37
811,4,0.5321782350237825,0.37
812,4,0.5321782350237825,0.37
813,4,0.4815813562230022,0.37
814,4,0.4815813562230022,0.37
815,4,0.4815813562230022,0.37
816,4,0.4815813562230022,0.37
817,4,0.057427453399377534,0.37
818,4,0.057427453399377534,0.37
819,4,0.057427453399377534,0.37
820,4,0.057427453399377534,0.37
821,4,0.057427453399377534,0.37
822,4,0.057427453399377534,0.37
823,4,0.03665082863219833,0.37
824,4,0.03665082863219833,0.37
825,4,0.03665082863219833,0.37
826,4,0.03665082863219833,0.37
827,4,0.03665082863219833,0.37
828,4,0.03665082863219833,0.37
829,4,0.03665082863219833,0.37
830,4,0.03665082863219833,0.37
831,4,0.03665082863219833,0.37
832,4,0.03665082863219833,0.37
833,4,0.03665082863219833,0.37
834,4,0.03665082863219833,0.37
835,4,0.03665082863219833,0.37
836,4,0.03665082863219833,0.37
837,4,0.03665082863219833,0.37
838,4,0.03665082863219833,0.37
839,4,0.03665082863219833,0.37
840,4,0.03665082863219833,0.37
841,4,0.03665082863219833,0.37
842,4,0.03665082863219833,0.37
843,4,0.03665082863219833,0.37
844,4,0.03665082863219833,0.37
845,4,0.03665082863219833,0.37
846,4,0.03665082863219833,0.37
847,4,0.03665082863219833,0.37
848,4,0.03665082863219833,0.37
849,4,0.003808664442069299,0.37
850,4,0.003808664442069299,0.37
851,4,0.003808664442069299,0.37
852,4,0.003808664442069299,0.37
853,4,0.003808664442069299,0.37
854,4,0.003808664442069299,0.37
855,4,0.003808664442069299,0.37
856,4,0.003808664442069299,0.37
857,4,0.003808664442069299,0.37
858,4,0.003808664442069299,0.37
859,4,0.003808664442069299,0.37
860,4,0.003808664442069299,0.37
861,4,0.003808664442069299,0.37
862,4,0.003808664442069299,0.37
863,4,0.003808664442069299,0.37
864,4,0.003808664442069299,0.37
865,4,0.003808664442069299,0.37
866,4,0.003808664442069299,0.37
867,4,0.003808664442069299,0.37
868,4,0.003808664442069299,0.37
869,4,0.003808664442069299,0.37
870,4,0.003808664442069299,0.37
871,4,0.003808664442069299,0.37
872,4,0.003808664442069299,0.37
873,4,0.003808664442069299,0.37
874,4,0.003808664442069299,0.37
875,4,0.003808664442069299,0.37
876,4,0.003808664442069299,0.37
877,4,0.003808664442069299,0.37
878,4,0.003808664442069299,0.37
879,4,0.003808664442069299,0.37
880,4,0.003808664442069299,0.37
881,4,0.003808664442069299,0.37
882,4,0.003808664442069299,0.37
883,4,0.003808664442069299,0.37
884,4,0.003808664442069299,0.37
885,4,0.003808664442069299,0.37
886,4,0.003808664442069299,0.37
887,4,0.003808664442069299,0.37
888,4,0.003808664442069299,0.37
889,4,0.003808664442069299,0.37
890,4,0.003808664442069299,0.37
891,4,0.003808664442069299,0.37
892,4,0.003808664442069299,0.37
893,4,0.003808664442069299,0.37
894,4,0.003808664442069299,0.37
895,4,0.003808664442069299,0.37
896,4,0.003808664442069299,0.37
897,4,0.003808664442069299,0.37
898,4,0.003808664442069299,0.37
899,4,0.003808664442069299,0.37
900,4,0.003808664442069299,0.37
901,4,0.003808664442069299,0.37
902,4,0.003808664442069299,0.37
903,4,0.003808664442069299,0.37
904,4,0.003808664442069299,0.37
905,4,0.003808664442069299,0.37
906,4,0.003808664442069299,0.37
907,4,0.003808664442069299,0.37
908,4,0.003808664442069299,0.37
909,4,0.003808664442069299,0.37
910,4,0.003808664442069299,0.37
911,4,0.003808664442069299,0.37
912,4,0.003808664442069299,0.37
913,4,0.003808664442069299,0.37
914,4,0.003808664442069299,0.37
915,4,0.003808664442069299,0.37
916,4,0.003808664442069299,0.37
917,4,0.003808664442069299,0.37
918,4,0.003808664442069299,0.37
919,4,0.003808664442069299,0.37
920,4,0.003808664442069299,0.37
921,4,0.003808664442069299,0.37
922,4,0.003808664442069299,0.37
923,4,0.003808664442069299,0.37
924,4,0.003808664442069299,0.37
925,4,0.003808664442069299,0.37
926,4,0.003808664442069299,0.37
927,4,0.003808664442069299,0.37
928,4,0.003808664442069299,0.37
929,4,0.003808664442069299,0.37
930,4,0.003808664442069299,0.37
931,4,0.003808664442069299,0.37
932,4,0.003808664442069299,0.37
933,4,0.003808664442069299,0.37
934,4,0.003808664442069299,0.37
935,4,0.003808664442069299,0.37
936,4,0.003808664442069299,0.37
937,4,0.003808664442069299,0.37
938,4,0.003808664442069299,0.37
939,4,0.002924819542178388,0.37
940,4,0.002924819542178388,0.37
941,4,0.002924819542178388,0.37
942,4,0.002924819542178388,0.37
943,4,0.002924819542178388,0.37
944,4,0.002924819542178388,0.37
945,4,0.002924819542178388,0.37
946,4,0.002924819542178388,0.37
947,4,0.002924819542178388,0.37
948,4,0.002924819542178388,0.37
949,4,0.002924819542178388,0.37
950,4,0.002924819542178388,0.37
951,4,0.002924819542178388,0.37
952,4,0.002924819542178388,0.37
953,4,0.002924819542178388,0.37
954,4,0.002924819542178388,0.37
955,4,0.002924819542178388,0.37
956,4,0.002924819542178388,0.37
957,4,0.002924819542178388,0.37
958,4,0.002924819542178388,0.37
959,4,0.002924819542178388,0.37
960,4,0.002924819542178388,0.37
961,4,0.002924819542178388,0.37
962,4,0.002924819542178388,0.37
963,4,0.002924819542178388,0.37
964,4,0.002924819542178388,0.37
965,4,0.002924819542178388,0.37
966,4,0.002924819542178388,0.37
967,4,0.002924819542178388,0.37
968,4,0.002924819542178388,0.37
969,4,0.002924819542178388,0.37
970,4,0.002924819542178388,0.37
971,4,0.002924819542178388,0.37
972,4,0.002924819542178388,0.37
973,4,0.002924819542178388,0.37
974,4,0.002924819542178388,0.37
975,4,0.002924819542178388,0.37
976,4,0.002924819542178388,0.37
977,4,0.002924819542178388,0.37
978,4,0.002924819542178388,0.37
979,4,0.002924819542178388,0.37
980,4,0.002924819542178388,0.37
981,4,0.002924819542178388,0.37
982,4,0.002924819542178388,0.37
983,4,0.002924819542178388,0.37
984,4,0.002924819542178388,0.37
985,4,0.002924819542178388,0.37
986,4,0.002924819542178388,0.37
987,4,0.002924819542178388,0.37
988,4,0.002924819542178388,0.37
989,4,0.002924819542178388,0.37
990,4,0.002924819542178388,0.37
991,4,0.002924819542178388,0.37
992,4,0.002924819542178388,0.37
993,4,0.002924819542178388,0.37
994,4,0.002924819542178388,0.37
995,4,0.002924819542178388,0.37
996,4,0.002924819542178388,0.37
997,4,0.002924819542178388,0.37
998,4,0.002924819542178388,0.37
999,4,0.002924819542178388,0.37
